<assembly>
    <id>plugin</id>
    <formats>
        <format>zip</format>
    </formats>
    <includeBaseDirectory>false</includeBaseDirectory>
    <dependencySets>
        <dependencySet>
            <useProjectArtifact>false</useProjectArtifact>
            <scope>runtime</scope>
            <outputDirectory>lib</outputDirectory>
            <includes>
                <include>*:jar:*</include>
            </includes>
            <excludes>
                <exclude>org.slf4j:*</exclude>
                <exclude>fi.videosambo.antispamplugin:*</exclude>
            </excludes>
        </dependencySet>
    </dependencySets>
    <fileSets>
        <fileSet>
            <directory>target/classes</directory>
            <outputDirectory>classes</outputDirectory>
        </fileSet>
        <fileSet>
            <directory>src/main/resources</directory>
            <outputDirectory/>
            <includes>
                <include>plugin.properties</include>
            </includes>
        </fileSet>
    </fileSets>
</assembly>